{
    "dji_0016": [
        {
            "cls": "aisladorb",
            "cls_id": 0,
            "label": [
                0.5983333587646484,
                0.43424171209335327,
                0.023333333432674408,
                0.053317535668611526
            ],
            "conf": 0.7583160996437073
        },
        {
            "cls": "aisladorb",
            "cls_id": 0,
            "label": [
                0.6183333396911621,
                0.5183649063110352,
                0.020666666328907013,
                0.06990521401166916
            ],
            "conf": 0.893543541431427
        }
    ]
}