{
    "dji_0016": [
        {
            "cls": "insulatorg",
            "cls_id": 1,
            "label": [
                0.6166666746139526,
                0.5207346081733704,
                0.02800000086426735,
                0.08886256068944931
            ],
            "conf": 0.4003937840461731
        }
    ]
}