{
    "dji_0961": [
        {
            "cls": "aisladorb",
            "cls_id": 0,
            "label": [
                0.6696666479110718,
                0.45497629046440125,
                0.03933333232998848,
                0.056872036308050156
            ],
            "conf": 0.6892126798629761
        },
        {
            "cls": "aisladorb",
            "cls_id": 0,
            "label": [
                0.6356666684150696,
                0.8240521550178528,
                0.02866666577756405,
                0.0627962052822113
            ],
            "conf": 0.7331731915473938
        },
        {
            "cls": "aisladorb",
            "cls_id": 0,
            "label": [
                0.6493333578109741,
                0.7280805706977844,
                0.019999999552965164,
                0.04857819899916649
            ],
            "conf": 0.7546530365943909
        }
    ]
}